Cancion 1-Artista 1,Cancion 100-Artista 100,Cancion 200-Artista 200
Cancion 2-Artista 2,Cancion 200-Artista 200,Cancion 300-Artista 300
Cancion 3-Artista 3,Cancion 300-Artista 300,Cancion 400-Artista 400
Cancion 4-Artista 4,Cancion 400-Artista 400,Cancion 500-Artista 500
Cancion 5-Artista 5,Cancion 500-Artista 500,Cancion 600-Artista 600
Cancion 6-Artista 6,Cancion 600-Artista 600,Cancion 700-Artista 700
Cancion 7-Artista 7,Cancion 700-Artista 700,Cancion 800-Artista 800
Cancion 8-Artista 8,Cancion 800-Artista 800,Cancion 900-Artista 900
Cancion 9-Artista 9,Cancion 900-Artista 900,Cancion 1000-Artista 1000
Cancion 10-Artista 10,Cancion 1000-Artista 1000,Cancion 1100-Artista 1100
Cancion 11-Artista 11,Cancion 1100-Artista 1100,Cancion 1200
Cancion 12-Artista 12,Cancion 1200,Cancion 1300-Artista 1300
Cancion 13-Artista 13,Cancion 1300-Artista 1300,Cancion 1400
Cancion 14-Artista 14,Cancion 1400,Cancion 1500-Artista 1500
Cancion 15-Artista 15,Cancion 1500-Artista 1500,Cancion 1600-Artista 1600
Cancion 16-Artista 16,Cancion 1600-Artista 1600,Cancion 1700-Artista 1700
Cancion 17-Artista 17,Cancion 1700-Artista 1700,Cancion 1800-Artista 1800
Cancion 18-Artista 18,Cancion 1800-Artista 1800,Cancion 1900-Artista 1900
Cancion 19-Artista 19,Cancion 1900-Artista 1900,Cancion 2000-Artista 2000
Cancion 20-Artista 20,Cancion 2000-Artista 2000,Cancion 2100-Artista 2100
Cancion 21-Artista 21,Cancion 2100-Artista 2100,Cancion 2200
Cancion 22-Artista 22,Cancion 2200,Cancion 2300-Artista 2300
Cancion 23-Artista 23,Cancion 2300-Artista 2300,Cancion 2400
Cancion 24-Artista 24,Cancion 2400,Cancion 2500-Artista 2500
Cancion 25-Artista 25,Cancion 2500-Artista 2500,Cancion 2600-Artista 2600
Cancion 26-Artista 26,Cancion 2600-Artista 2600,Cancion 2700-Artista 2700
Cancion 27-Artista 27,Cancion 2700-Artista 2700,Cancion 2800-Artista 2800
Cancion 28-Artista 28,Cancion 2800-Artista 2800,Cancion 2900-Artista 2900
Cancion 29-Artista 29,Cancion 2900-Artista 2900,Cancion 3000-Artista 3000
Cancion 30-Artista 30,Cancion 3000-Artista 3000,Cancion 3100-Artista 3100
Cancion 31-Artista 31,Cancion 3100-Artista 3100,Cancion 3200
Cancion 32-Artista 32,Cancion 3200,Cancion 3300-Artista 3300
Cancion 33-Artista 33,Cancion 3300-Artista 3300,Cancion 3400
Cancion 34-Artista 34,Cancion 3400,Cancion 3500-Artista 3500
Cancion 35-Artista 35,Cancion 3500-Artista 3500,Cancion 3600-Artista 3600
Cancion 36-Artista 36,Cancion 3600-Artista 3600,Cancion 3700-Artista 3700
Cancion 37-Artista 37,Cancion 3700-Artista 3700,Cancion 3800-Artista 3800
Cancion 38-Artista 38,Cancion 3800-Artista 3800,Cancion 3900-Artista 3900
Cancion 39-Artista 39,Cancion 3900-Artista 3900,Cancion 4000-Artista 4000
Cancion 40-Artista 40,Cancion 4000-Artista 4000,Cancion 4100-Artista 4100
Cancion 41-Artista 41,Cancion 4100-Artista 4100,Cancion 4200
Cancion 42-Artista 42,Cancion 4200,Cancion 4300-Artista 4300
Cancion 43-Artista 43,Cancion 4300-Artista 4300,Cancion 4400
Cancion 44-Artista 44,Cancion 4400,Cancion 4500-Artista 4500
Cancion 45-Artista 45,Cancion 4500-Artista 4500,Cancion 4600-Artista 4600
Cancion 46-Artista 46,Cancion 4600-Artista 4600,Cancion 4700-Artista 4700
Cancion 47-Artista 47,Cancion 4700-Artista 4700,Cancion 4800-Artista 4800
Cancion 48-Artista 48,Cancion 4800-Artista 4800,Cancion 4900-Artista 4900
Cancion 49-Artista 49,Cancion 4900-Artista 4900,Cancion 5000-Artista 5000
Cancion 50-Artista 50,Cancion 5000-Artista 5000,Cancion 0-Artista 0