Cancion 1,Cancion 100,Cancion 200
Cancion 2,Cancion 200,Cancion 300
Cancion 3,Cancion 300,Cancion 400
Cancion 4,Cancion 400,Cancion 500
Cancion 5,Cancion 500,Cancion 600
Cancion 6,Cancion 600,Cancion 700
Cancion 7,Cancion 700,Cancion 800
Cancion 8,Cancion 800,Cancion 900
Cancion 9,Cancion 900,Cancion 1000
Cancion 10,Cancion 1000,Cancion 1100
Cancion 11,Cancion 1100,Cancion 1200
Cancion 12,Cancion 1200,Cancion 1300
Cancion 13,Cancion 1300,Cancion 1400
Cancion 14,Cancion 1400,Cancion 1500
Cancion 15,Cancion 1500,Cancion 1600
Cancion 16,Cancion 1600,Cancion 1700
Cancion 17,Cancion 1700,Cancion 1800
Cancion 18,Cancion 1800,Cancion 1900
Cancion 19,Cancion 1900,Cancion 2000
Cancion 20,Cancion 2000,Cancion 2100
Cancion 21,Cancion 2100,Cancion 2200
Cancion 22,Cancion 2200,Cancion 2300
Cancion 23,Cancion 2300,Cancion 2400
Cancion 24,Cancion 2400,Cancion 2500
Cancion 25,Cancion 2500,Cancion 2600
Cancion 26,Cancion 2600,Cancion 2700
Cancion 27,Cancion 2700,Cancion 2800
Cancion 28,Cancion 2800,Cancion 2900
Cancion 29,Cancion 2900,Cancion 3000
Cancion 30,Cancion 3000,Cancion 3100
Cancion 31,Cancion 3100,Cancion 3200
Cancion 32,Cancion 3200,Cancion 3300
Cancion 33,Cancion 3300,Cancion 3400
Cancion 34,Cancion 3400,Cancion 3500
Cancion 35,Cancion 3500,Cancion 3600
Cancion 36,Cancion 3600,Cancion 3700
Cancion 37,Cancion 3700,Cancion 3800
Cancion 38,Cancion 3800,Cancion 3900
Cancion 39,Cancion 3900,Cancion 4000
Cancion 40,Cancion 4000,Cancion 4100
Cancion 41,Cancion 4100,Cancion 4200
Cancion 42,Cancion 4200,Cancion 4300
Cancion 43,Cancion 4300,Cancion 4400
Cancion 44,Cancion 4400,Cancion 4500
Cancion 45,Cancion 4500,Cancion 4600
Cancion 46,Cancion 4600,Cancion 4700
Cancion 47,Cancion 4700,Cancion 4800
Cancion 48,Cancion 4800,Cancion 4900
Cancion 49,Cancion 4900,Cancion 5000
Cancion 50,Cancion 5000,Cancion 0